# Time (seconds), TC
4.828271865844727,NSS00004
17.687113046646118,NSS00001
27.99054503440857,NSS00002
37.226948976516724,NSS00001
46.3521511554718,NSS00003
52.0898277759552,NSS00004
