# Time (seconds), TC
5.058212995529175,NSS00001
10.298413038253784,NSS00003
20.328130960464478,NSS00005
26.146277904510498,NSS00004
